date,comp_price_avg,comp_price_min,comp_price_max
2023-07-01,804.89,764.65,845.13
2023-07-08,799.25,759.29,839.21
2023-07-15,802.24,762.13,842.35
2023-07-22,814.58,773.85,855.3100000000001
2023-07-29,813.29,772.63,853.9499999999999
2023-08-05,814.98,774.23,855.73
2023-08-12,837.29,795.43,879.15
2023-08-19,849.76,807.27,892.25
2023-08-26,859.82,816.83,902.8100000000001
2023-09-02,854.03,811.3299999999999,896.73
2023-09-09,849.02,806.5699999999999,891.47
2023-09-16,854.87,812.13,897.61
2023-09-23,856.03,813.23,898.8299999999999
2023-09-30,870.21,826.7,913.72
2023-10-07,852.73,810.09,895.37
2023-10-14,856.75,813.91,899.59
2023-10-21,851.25,808.69,893.81
2023-10-28,865.51,822.23,908.79
2023-11-04,882.57,838.44,926.7
2023-11-11,877.04,833.1899999999999,920.89
2023-11-18,873.82,830.1300000000001,917.51
2023-11-25,864.11,820.9,907.32
2023-12-02,841.87,799.78,883.96
2023-12-09,808.83,768.3900000000001,849.27
2023-12-16,805.4,765.13,845.67
2023-12-23,786.81,747.4699999999999,826.15
2023-12-30,781.5,742.42,820.58
2024-01-06,767.5,729.12,805.88
2024-01-13,758.55,720.62,796.4799999999999
2024-01-20,763.91,725.7099999999999,802.11
2024-01-27,766.93,728.5799999999999,805.28
2024-02-03,730.55,694.02,767.0799999999999
2024-02-10,739.49,702.52,776.46
2024-02-17,728.1,691.7,764.5
2024-02-24,731.87,695.28,768.46
2024-03-02,753.11,715.45,790.77
2024-03-09,736.83,699.99,773.6700000000001
2024-03-16,717.06,681.2099999999999,752.91
2024-03-23,715.69,679.9100000000001,751.47
2024-03-30,724.25,688.04,760.46
2024-04-06,718.01,682.11,753.91
2024-04-13,729.0,692.55,765.45
2024-04-20,757.46,719.59,795.33
2024-04-27,768.92,730.4699999999999,807.37
2024-05-04,791.25,751.69,830.81
2024-05-11,799.72,759.73,839.71
2024-05-18,841.86,799.77,883.95
2024-05-25,867.84,824.45,911.23
2024-06-01,870.05,826.55,913.55
2024-06-08,889.22,844.76,933.6800000000001
2024-06-15,890.49,845.97,935.01
2024-06-22,885.36,841.09,929.63
2024-06-29,893.21,848.5500000000001,937.87
2024-07-06,884.92,840.67,929.17
2024-07-13,883.45,839.2800000000001,927.62
2024-07-20,877.56,833.68,921.4399999999999
2024-07-27,880.46,836.44,924.48
2024-08-03,898.34,853.4200000000001,943.26
2024-08-10,881.25,837.19,925.31
2024-08-17,882.79,838.65,926.93
2024-08-24,853.55,810.87,896.2299999999999
2024-08-31,844.2,801.99,886.4100000000001
2024-09-07,825.07,783.82,866.32
2024-09-14,782.22,743.11,821.33
2024-09-21,768.85,730.4100000000001,807.29
2024-09-28,779.92,740.92,818.92
2024-10-05,759.48,721.51,797.45
2024-10-12,743.56,706.38,780.7399999999999
2024-10-19,723.76,687.5699999999999,759.95
2024-10-26,726.38,690.06,762.7
2024-11-02,721.23,685.1700000000001,757.29
2024-11-09,720.75,684.71,756.79
2024-11-16,718.21,682.3000000000001,754.12
2024-11-23,728.43,692.01,764.8499999999999
2024-11-30,725.73,689.44,762.02
2024-12-07,725.71,689.4200000000001,762.0
2024-12-14,732.16,695.55,768.77
2024-12-21,734.67,697.9399999999999,771.4
2024-12-28,751.54,713.9599999999999,789.12
2025-01-04,749.89,712.4,787.38
2025-01-11,752.0,714.4,789.6
2025-01-18,783.52,744.34,822.6999999999999
2025-01-25,789.46,749.99,828.9300000000001
2025-02-01,812.0,771.4,852.6
2025-02-08,809.24,768.78,849.7
2025-02-15,801.85,761.76,841.94
2025-02-22,831.03,789.48,872.5799999999999
2025-03-01,835.86,794.07,877.65
2025-03-08,851.06,808.51,893.6099999999999
2025-03-15,870.27,826.76,913.78
2025-03-22,865.2,821.94,908.46
2025-03-29,879.31,835.3399999999999,923.28
2025-04-05,889.91,845.41,934.41
2025-04-12,873.06,829.41,916.7099999999999
2025-04-19,887.23,842.87,931.59
2025-04-26,867.87,824.48,911.26
2025-05-03,880.6,836.57,924.63
2025-05-10,867.22,823.86,910.58
2025-05-17,852.98,810.33,895.63
2025-05-24,864.63,821.4,907.86
2025-05-31,842.63,800.5,884.76
2025-06-07,811.6,771.02,852.1800000000001
2025-06-14,808.64,768.21,849.0699999999999
2025-06-21,794.68,754.9499999999999,834.41
2025-06-28,781.72,742.63,820.8100000000001
2025-07-05,746.36,709.04,783.6800000000001
2025-07-12,720.62,684.59,756.65
2025-07-19,705.18,669.92,740.4399999999999
2025-07-26,712.65,677.02,748.28
2025-08-02,698.54,663.61,733.4699999999999
2025-08-09,709.74,674.25,745.23
2025-08-16,706.8,671.4599999999999,742.14
2025-08-23,690.01,655.51,724.51
2025-08-30,697.73,662.84,732.62
2025-09-06,683.23,649.07,717.39
2025-09-13,668.16,634.75,701.5699999999999
2025-09-20,664.85,631.61,698.09
2025-09-27,690.96,656.4100000000001,725.51
2025-10-04,718.99,683.04,754.94
2025-10-11,749.07,711.62,786.5200000000001
2025-10-18,765.2,726.94,803.46
2025-10-25,790.98,751.4300000000001,830.53
2025-11-01,804.67,764.4399999999999,844.9
2025-11-08,814.05,773.3499999999999,854.75
2025-11-15,840.42,798.4,882.4399999999999
2025-11-22,861.34,818.27,904.4100000000001
2025-11-29,868.42,825.0,911.8399999999999
2025-12-06,881.02,836.97,925.0699999999999
2025-12-13,868.45,825.0300000000001,911.87
2025-12-20,875.26,831.5,919.02
2025-12-27,896.95,852.1,941.8000000000001
2026-01-03,885.67,841.39,929.9499999999999
2026-01-10,919.94,873.94,965.94
2026-01-17,920.43,874.41,966.4499999999999
2026-01-24,894.39,849.67,939.11
2026-01-31,899.11,854.15,944.07
2026-02-07,909.24,863.78,954.7
2026-02-14,904.4,859.18,949.62
2026-02-21,887.09,842.74,931.44
2026-02-28,861.28,818.22,904.3399999999999
2026-03-07,840.64,798.61,882.67
2026-03-14,811.99,771.39,852.59
2026-03-21,777.39,738.52,816.26
2026-03-28,788.46,749.0400000000001,827.88
2026-04-04,759.67,721.6899999999999,797.65
2026-04-11,723.93,687.7299999999999,760.13
2026-04-18,721.84,685.75,757.9300000000001
2026-04-25,715.21,679.45,750.97
2026-05-02,710.16,674.65,745.67
2026-05-09,700.85,665.8100000000001,735.89
2026-05-16,721.11,685.05,757.1700000000001
2026-05-23,719.29,683.3299999999999,755.25
2026-05-30,706.14,670.8299999999999,741.45
2026-06-06,697.17,662.31,732.03
2026-06-13,701.96,666.86,737.0600000000001
2026-06-20,712.9,677.25,748.55
