Category,Product,Scenario,Model,Base Price ($),Base Quantity,Base Cost ($),Base Elasticity,Effective Elasticity,Model R2,Model MAPE (%),Elasticity Factor Val,Elasticity Weight,Seasonality Factor Val,Seasonality Weight,Competitor Factor Val,Competitor Weight,Promotions Factor Val,Promotions Weight,Inventory Factor Val,Inventory Weight,Lifecycle Factor Val,Lifecycle Weight,Sentiment Factor Val,Sentiment Weight,Optimal Price Change (%),Base Profit ($),Optimal Profit ($),Profit Increment ($),Profit Increment (%),Base Revenue ($),Optimal Revenue ($),Optimal Price ($),Optimal Quantity
electronics,iphone_14_pro,competitor_war,Math,800.6875,760.25,930.0,-2.7420610332638695,-2.772052154830783,0.023773763072883813,83.25735761512607,-2.7420610332638695,0.0912663944403275,1.0,0.0,1.010937437643835,0.0075390981450072555,0.0,0.0,1.15,0.8194711940794217,1.0,0.0817233133352435,1.0,0.0,30.0,-98309.828125,46849.44212701966,145159.27025201966,147.65489170365657,608722.671875,439747.88029985,1040.89375,422.4714388955165
electronics,iphone_14_pro,competitor_war,ML Modular,800.6875,760.25,930.0,0.007165757276439422,0.007652350192991456,-1.1188172195856714,153.7667116739404,0.007165757276439422,0.0,1.0,0.0,1.0153919506067326,0.18637139632611466,0.0,0.0,1.15,0.8136286036738855,1.0517173215810454,0.0,1.0,0.0,30.0,-98309.828125,97147.86787687705,195457.69600187705,198.81806298486705,608722.671875,911869.3208487144,1040.89375,876.0445730879972
electronics,iphone_14_pro,competitor_war,ML Joint,800.6875,760.25,930.0,,0.0538248359518434,0.6954691251942202,20.30102464579863,0.007165757276439422,0.0,1.0,0.0,1.0153919506067326,0.0,0.0,0.0,1.15,0.0,1.0517173215810454,0.0,1.0,0.0,30.0,-98309.828125,80846.78304160386,179156.61116660386,182.23672503913645,608722.671875,758860.7218676569,1040.89375,729.0472460495195
electronics,iphone_14_pro,inflation,Math,1345.3,96.5,1186.225,-3.149979202065243,-3.09716922038273,0.4743231616951029,10.285749527095565,-3.149979202065243,0.5542413783936536,1.0,0.0,1.001869590134042,0.06601706972076055,0.0,0.0,1.0,0.0,1.0,0.1580220426021639,0.9814,0.221719509283422,30.0,15350.737500000005,24092.13959288212,8741.402092882114,56.944508971520825,129821.45,74883.81543653079,1748.89,42.81791046694234
electronics,iphone_14_pro,inflation,ML Modular,1345.3,96.5,1186.225,0.005625414405852069,0.005339055801520634,-1.5010851483588934,33.270160348934716,0.005625414405852069,0.0,1.0,0.0,0.9774020758174147,0.19331414794612908,0.0,0.0,1.0,0.7659520390134097,0.9710390200683102,0.040733813040461184,1.0,0.0,30.0,15350.737500000005,54373.2840499714,39022.5465499714,254.2063308031382,129821.45,169004.456900917,1748.89,96.63526974304672
electronics,iphone_14_pro,inflation,ML Joint,1345.3,96.5,1186.225,,0.0171485460063181,-0.22736368442457078,20.543073248492348,0.005625414405852069,0.0,1.0,0.0,0.9774020758174147,0.0,0.0,0.0,1.0,0.0,0.9710390200683102,0.0,1.0,0.0,30.0,15350.737500000005,54068.584918228524,38717.84741822852,252.22141553934142,129821.45,168057.38312786588,1748.89,96.09374124608516
electronics,iphone_14_pro,promo_heavy,Math,983.9825,443.75,930.0,15.92720264461579,16.17728674807453,0.2187620442307593,24.803225608325562,15.92720264461579,0.7315293110060472,1.0,0.0,1.0157016965903476,0.08830582089418462,0.0,0.0,1.0,0.0,1.0,0.18016486809976812,1.0,0.0,30.0,23954.73437499998,12178537.569527268,12154582.835152268,50739.79383314401,436642.234375,44614900.30409936,1279.17725,34877.809392013
electronics,iphone_14_pro,promo_heavy,ML Modular,983.9825,443.75,930.0,0.009795293064218669,0.009862838669576919,-0.07335524076731681,19.96841665090031,0.009795293064218669,0.0,1.0861706602765715,0.19306082060052476,1.0133506017986091,0.1309119519089854,0.0,0.0,1.0,0.6760272274904899,0.9936301601188843,0.0,1.0,0.0,30.0,23954.73437499998,168735.38963443725,144780.65525943728,604.3926557187608,436642.234375,618145.8605629604,1279.17725,483.23706551454103
electronics,iphone_14_pro,promo_heavy,ML Joint,983.9825,443.75,930.0,,0.026581730111496782,-24.49155940378738,28.812774457409716,0.009795293064218669,0.0,1.0861706602765715,0.0,1.0133506017986091,0.0,0.0,0.0,1.0,0.0,0.9936301601188843,0.0,1.0,0.0,30.0,23954.73437499998,954.3032208994155,-23000.431154100566,-96.01622290625204,436642.234375,3495.9980061022216,1279.17725,2.7330051453793613
electronics,iphone_14_pro,stable,Math,945.7075,383.25,930.0,-4.498196150003308,-4.560023504144022,0.8904755025737531,25.69986728088428,-4.498196150003308,0.9665113048258649,1.0,0.0,1.0137449217595076,0.020371600780042406,0.0,0.0,1.0,0.0,1.0,0.01311709439409268,1.0,0.0,26.0,6019.899374999993,34947.30287195194,28927.40349695195,480.52968488284716,362442.399375,159190.6283740481,1191.59145,133.59497365816793
electronics,iphone_14_pro,stable,ML Modular,945.7075,383.25,930.0,-4.082876760697296,-4.159698664190191,0.5501027005660136,22.981863206385007,-4.082876760697296,0.3388163245807899,0.9781783866163484,0.1348789738343924,1.0114019902512281,0.1446910912667193,0.0,0.0,1.0,0.3816136103180985,1.0073300636658022,0.0,1.0,0.0,29.5,6019.899374999993,37692.85259467204,31672.953219672047,526.1375854753733,362442.399375,156645.67991403097,1224.6912125,127.90626593479456
electronics,iphone_14_pro,stable,ML Joint,945.7075,383.25,930.0,,0.031568431063888625,0.8468099405810007,9.17916925056073,-4.082876760697296,0.3388163245807899,0.9781783866163484,0.0,1.0114019902512281,0.0,0.0,0.0,1.0,0.0,1.0073300636658022,0.0,1.0,0.0,30.0,6019.899374999993,98787.86006887513,92767.96069387514,1541.0217831734979,362442.399375,405623.69793212187,1229.41975,329.931008455104
electronics,laptop,competitor_war,Math,962.875,95.25,800.0,-1.970863693373074,-2.0034310221953,0.19769510050847938,9.573433608369525,-1.970863693373074,0.4203327212697104,1.0,0.0,1.0165243943209932,0.14635607314326968,0.0,0.0,1.0,0.09409081938997725,1.0,0.3392203861970427,1.0,0.0,30.0,15513.84375,25437.444652898233,9923.600902898233,63.966100618347625,91713.84375,70485.6324219424,1251.7375,56.310234711305206
electronics,laptop,competitor_war,ML Modular,962.875,95.25,800.0,0.008652825084887183,0.009044752707641072,-1.7896947745328373,45.69291955764156,0.008652825084887183,0.0,0.839099240997311,0.03758459123813915,1.0219327594179932,0.38317736628935667,0.0,0.0,1.0,0.5792380424725042,1.0228606029983875,0.0,1.0,0.0,30.0,15513.84375,36190.53856940463,20676.694819404627,133.2789936046934,91713.84375,100281.81028256482,1251.7375,80.11408964145025
electronics,laptop,competitor_war,ML Joint,962.875,95.25,800.0,,0.04617194904366073,0.843177420050141,7.060953309811979,0.008652825084887183,0.0,0.839099240997311,0.0,1.0219327594179932,0.0,0.0,0.0,1.0,0.0,1.0228606029983875,0.0,1.0,0.0,30.0,15513.84375,39964.6976807072,24450.8539307072,157.6066790714403,91713.84375,110739.77866151079,1251.7375,88.46885122600449
electronics,laptop,inflation,Math,1625.6475,31.75,1020.41,-2.097219466968795,-2.1060154868232925,0.4001228656804321,8.271246294954713,-2.097219466968795,0.8172180574298529,1.0,0.0,1.0041941341824423,0.020822565943292237,0.0,0.0,1.0,0.0,1.0,0.16195937662685495,1.0,0.0,19.5,19216.290625,20120.978405417227,904.6877804172254,4.7079209930362165,51614.308125,42383.81142602754,1942.6487625000002,21.817537088631344
electronics,laptop,inflation,ML Modular,1625.6475,31.75,1020.41,-0.16642848505732388,-0.16451328063508994,-1.2454322415996084,21.049885936019898,-0.16642848505732388,0.0,1.0,0.0,1.0006922239443516,0.28295013306573696,0.0,0.0,1.0,0.717049866934263,0.9878085432454655,0.0,1.0,0.0,30.0,19216.290625,33234.68581118986,14018.39518618986,72.950578546893,51614.308125,64264.0760257172,2113.34175,30.408747674490982
electronics,laptop,inflation,ML Joint,1625.6475,31.75,1020.41,,0.03691060849142502,0.5292794993291589,7.65221945841766,-0.16642848505732388,0.0,1.0,0.0,1.0006922239443516,0.0,0.0,0.0,1.0,0.0,0.9878085432454655,0.0,1.0,0.0,30.0,19216.290625,33371.519754220346,14155.229129220344,73.66265116122193,51614.308125,64528.66426246981,2113.34175,30.533946656980493
electronics,laptop,promo_heavy,Math,1183.5675,70.25,800.0,0.48427883789033643,0.49239561410558813,0.0026687347814451368,8.018818920859157,0.48427883789033643,0.04159567533645627,1.0,0.0,1.0167605428529787,0.7281055591470484,0.0,0.0,1.0,0.0,1.0,0.23029876551649525,1.0,0.0,30.0,26945.616875000007,66573.22342782961,39627.6065528296,147.06513024608418,83145.616875,138677.0100840947,1538.63775,90.12973332033138
electronics,laptop,promo_heavy,ML Modular,1183.5675,70.25,800.0,0.005884361509833624,0.00603494514787249,-0.004007526358992708,7.836426943932887,0.005884361509833624,0.0,0.9767988967219069,0.3241080023266992,1.019542932083401,0.22928721096478422,0.0,0.03802363424345571,1.0,0.4085811524650608,1.0059316269601066,0.0,1.0,0.0,30.0,26945.616875000007,50765.729400612145,23820.112525612138,88.40069476276234,83145.616875,105748.81619855839,1538.63775,68.7288584974328
electronics,laptop,promo_heavy,ML Joint,1183.5675,70.25,800.0,,0.00023432707962900423,-35.14995101406329,27.57246161490437,0.005884361509833624,0.0,0.9767988967219069,0.0,1.019542932083401,0.0,0.0,0.0,1.0,0.0,1.0059316269601066,0.0,1.0,0.0,30.0,26945.616875000007,1286.7415519389317,-25658.875323061075,-95.22467213161944,83145.616875,2680.3790170578554,1538.63775,1.7420468313986546
electronics,laptop,stable,Math,1127.9875000000002,71.25,800.0,-2.391981587633107,-2.4397905639365596,0.9462174166797002,9.14482146137586,-2.391981587633107,0.940834749599764,1.0,0.0,1.0199871840781016,0.029625081994000955,0.0,0.0,1.0,0.0,1.0,0.02954016840623518,1.0,0.0,20.0,23369.109375000015,25280.375804668405,1911.2664296683906,8.178601927008138,80369.10937500001,61813.70066667643,1353.5850000000003,45.666656077510034
electronics,laptop,stable,ML Modular,1127.9875000000002,71.25,800.0,-2.1055324497440964,-2.1610383200644026,0.7497678604678057,8.498831479562318,-2.1055324497440964,0.47107103987491095,0.9996189298361772,0.2150026710480371,1.0229349002583035,0.13304827088590362,0.0,0.0,1.0,0.18087801819114838,1.0033501800501703,0.0,1.0,0.0,30.0,23369.109375000015,26922.02901188628,3552.919636886265,15.203487560750323,80369.10937500001,59242.17969009387,1466.3837500000002,40.40018834775949
electronics,laptop,stable,ML Joint,1127.9875000000002,71.25,800.0,,0.11267814659721154,0.7723560905198672,6.129807437075815,-2.1055324497440964,0.47107103987491095,0.9996189298361772,0.0,1.0229349002583035,0.0,0.0,0.0,1.0,0.0,1.0033501800501703,0.0,1.0,0.0,30.0,23369.109375000015,43904.86850058927,20535.759125589255,87.8756601120544,80369.10937500001,96613.07874802013,1466.3837500000002,65.88526280928858
electronics,mobile_phone,competitor_war,Math,640.49,317.75,500.0,-3.557134791510922,-3.6084329074164048,0.23625632633447968,16.452376019375166,-3.557134791510922,0.7174861305116697,1.0,0.0,1.0144211897811422,0.09192683442425567,0.0,0.0,1.0,0.15780990283792923,1.0,0.03277713222614545,1.0,0.0,8.0,44640.6975,46149.440503923506,1508.7430039235041,3.3797478274695507,203515.6975,166500.01961217483,691.7292000000001,240.70115821650265
electronics,mobile_phone,competitor_war,ML Modular,640.49,317.75,500.0,0.008143635859436671,0.008618049010148747,-1.8306228820467925,83.56421499309786,0.008143635859436671,0.0,0.8457176481565938,0.09322330933426375,1.0226085203013577,0.2713565456860005,0.0,0.0,1.0,0.5784914799726047,1.0348590609340473,0.05692866500713097,1.0,0.0,30.0,44640.6975,89590.8129049301,44950.115404930104,100.69312963788279,203515.6975,224258.352753068,832.6370000000001,269.3350796962758
electronics,mobile_phone,competitor_war,ML Joint,640.49,317.75,500.0,,0.035498746855822105,0.7262713250488252,11.09721327602935,0.008143635859436671,0.0,0.8457176481565938,0.0,1.0226085203013577,0.0,0.0,0.0,1.0,0.0,1.0348590609340473,0.0,1.0,0.0,30.0,44640.6975,100878.55070001297,56237.85320001297,125.97888552259508,203515.6975,252513.14141002562,832.6370000000001,303.2691814200253
electronics,mobile_phone,inflation,Math,1078.945,63.25,637.7574999999999,-2.077631909451557,-2.053284041279552,0.21545761632847948,12.008173580848732,-2.077631909451557,0.36404730428709875,1.0,0.0,1.0070113633100068,0.04138902771189517,0.0,0.0,1.0,0.0,1.0,0.2377601230164985,0.9814,0.3568035449845076,15.0,27905.109375,28626.54933877611,721.4399637761089,2.5853328653226573,68243.27124999999,58901.69194574669,1240.7867499999998,47.47124511584823
electronics,mobile_phone,inflation,ML Modular,1078.945,63.25,637.7574999999999,0.007351735275218374,0.007224071901261682,-1.6253799363118464,28.689132649296596,0.007351735275218374,0.0,1.0,0.0,1.0042022589046118,0.16295458638321797,0.0,0.0,1.0,0.7382815351006471,0.9785229265448656,0.09876387851613494,1.0,0.0,30.0,27905.109375,48469.870548212275,20564.761173212275,73.69532545762428,68243.27124999999,88884.55938613591,1402.6285,63.36999382668747
electronics,mobile_phone,inflation,ML Joint,1078.945,63.25,637.7574999999999,,0.09291629855834316,0.5138822252136346,10.42195985093614,0.007351735275218374,0.0,1.0,0.0,1.0042022589046118,0.0,0.0,0.0,1.0,0.0,0.9785229265448656,0.0,1.0,0.0,30.0,27905.109375,44979.38401994382,17074.27464494382,61.18691174255188,68243.27124999999,82483.66840789854,1402.6285,58.80649680788501
electronics,mobile_phone,promo_heavy,Math,792.8000000000001,202.25,500.0,-5.226108399734471,-5.312774395648267,0.44952036530968087,10.695583505836465,-5.226108399734471,0.8821026588484224,1.0,0.0,1.016583275601057,0.029835869737850008,0.0,0.0,1.0,0.0,1.0,0.08806147141372755,1.0,0.0,-22.5,59218.80000000001,101069.96256185912,41851.16256185911,70.67208819134989,160343.80000000002,542732.0957634806,614.4200000000001,883.324266403243
electronics,mobile_phone,promo_heavy,ML Modular,792.8000000000001,202.25,500.0,0.009572867926355144,0.009854107488720133,-0.04264964344064315,10.539869180274616,0.009572867926355144,0.0,0.9932433893463238,0.31333512114999323,1.0197022013898907,0.12298533245516244,0.0,0.01861832066890043,1.0,0.5335904293165621,1.0094896514475313,0.011470796409381761,1.0,0.0,30.0,59218.80000000001,106872.75572248876,47653.95572248875,80.47099185138627,160343.80000000002,207574.50806163464,1030.64,201.40350467829177
electronics,mobile_phone,promo_heavy,ML Joint,792.8000000000001,202.25,500.0,,0.00018741466611960078,-34.37236255777034,30.63638341250187,0.009572867926355144,0.0,0.9932433893463238,0.0,1.0197022013898907,0.0,0.0,0.0,1.0,0.0,1.0094896514475313,0.0,1.0,0.0,30.0,59218.80000000001,1325.268132477381,-57893.53186752263,-97.76208208799,160343.80000000002,2574.01316910992,1030.64,2.4974900732650775
electronics,mobile_phone,stable,Math,756.6225000000001,182.75,500.0,-3.4868880136592324,-3.5457902116470894,0.9585370465009097,13.918928075282471,-3.4868880136592324,0.8746750993305746,1.0,0.0,1.0168924834285238,0.0750791226057757,0.0,0.0,1.0,0.0,1.0,0.05024577806364957,1.0,0.0,-8.0,46897.76187500001,48163.670801605884,1265.9089266058727,2.69929496844645,138272.761875,170972.09457670274,696.0927,245.61684755019374
electronics,mobile_phone,stable,ML Modular,756.6225000000001,182.75,500.0,-3.5281969128106994,-3.6151722831729556,0.6637859877431098,13.670475183110481,-3.5281969128106994,0.4421176860840133,0.9697214185512101,0.16296120204665757,1.0140238143403348,0.19612628053202746,0.0,0.0,1.0,0.19879483133730175,1.0104807129367066,0.0,1.0,0.0,-8.5,46897.76187500001,46986.6737167017,88.91184170168708,0.18958653493672092,138272.761875,169150.8214524501,692.3095875000001,244.32829547149677
electronics,mobile_phone,stable,ML Joint,756.6225000000001,182.75,500.0,,0.03529525489742724,0.6899516928541367,9.837641830328717,-3.5281969128106994,0.4421176860840133,0.9697214185512101,0.0,1.0140238143403348,0.0,0.0,0.0,1.0,0.0,1.0104807129367066,0.0,1.0,0.0,30.0,46897.76187500001,84073.71071882789,37175.94884382788,79.27019831546677,138272.761875,170996.89376260535,983.6092500000001,173.84636608755494
fmcg,face_wash,competitor_war,Math,6.375,635.75,3.8,-0.9094656924970157,-0.9248803652512023,0.019525082831511664,34.17014896233134,-0.9094656924970157,0.07452610819055623,1.0,0.0,1.0169491525423728,0.3440100956981827,0.0,0.0,1.0,0.0,1.0,0.5814637961112611,1.0,0.0,30.0,1637.05625,2238.24107354734,601.1848235473399,36.72352880649885,4052.90625,4133.576133041466,8.2875,498.7723840774017
fmcg,face_wash,competitor_war,ML Modular,6.375,635.75,3.8,-0.09137911183731973,-0.0945649060907486,-1.2417508379707543,51.21345603397567,-0.09137911183731973,0.0,0.8347724531003995,0.30773908015289725,1.025678798138536,0.15715235321250612,0.0,0.0,1.0,0.49141379745858677,1.008954739461129,0.043694769176009826,1.0,0.0,30.0,1637.05625,2323.185547252773,686.1292972527731,41.91238372247582,4052.90625,4290.451303143701,8.2875,517.7015147081389
fmcg,face_wash,competitor_war,ML Joint,6.375,635.75,3.8,,0.04560296519340312,0.35167573742760994,12.386990693178536,-0.09137911183731973,0.0,0.8347724531003995,0.0,1.025678798138536,0.0,0.0,0.0,1.0,0.0,1.008954739461129,0.0,1.0,0.0,30.0,1637.05625,2813.57506559527,1176.51881559527,71.86795295490121,4052.90625,5196.101026433605,8.2875,626.9805160100881
fmcg,face_wash,inflation,Math,10.764999999999999,363.75,4.8475,2.6266230091292755,2.596916953545227,0.13266669278282706,30.271740523155426,2.6266230091292755,0.15518357933067078,1.0,0.0,1.0074285714285713,0.13971004311661378,0.0,0.0,1.0,0.0,1.0,0.27332022936410644,0.9814,0.431786148188609,30.0,2152.4906249999995,6576.32252667146,4423.83190167146,205.5215409670582,3915.7687499999997,10061.478692413222,13.994499999999999,718.9594978322358
fmcg,face_wash,inflation,ML Modular,10.764999999999999,363.75,4.8475,0.2363472741402582,0.23362645493892728,-14.027511034326395,44.870410386810924,0.2363472741402582,0.0,1.0,0.0,1.0039102188190652,0.32976810158454445,0.0,0.0,1.0,0.5496793598913696,0.9846378952996713,0.12055253852408594,1.0,0.0,30.0,2152.4906249999995,3537.5440995233,1385.0534745233003,64.3465508484294,3915.7687499999997,5412.283907377153,13.994499999999999,386.7436426722751
fmcg,face_wash,inflation,ML Joint,10.764999999999999,363.75,4.8475,,0.019862598392705877,0.6885162259754638,8.113374784604712,0.2363472741402582,0.0,1.0,0.0,1.0039102188190652,0.0,0.0,0.0,1.0,0.0,0.9846378952996713,0.0,1.0,0.0,30.0,2152.4906249999995,3004.055553632205,851.5649286322055,39.561841465962516,3915.7687499999997,4596.070344955275,13.994499999999999,328.419760974331
fmcg,face_wash,promo_heavy,Math,7.9025,576.25,3.8,-2.257418479429443,-2.3035123646115108,0.5872896546069061,33.655393214911996,-2.257418479429443,0.7848144724156563,1.0,0.0,1.0204188481675394,0.016089065728658467,0.0,0.0,1.0,0.052041537812631766,1.0,0.14705492404305348,1.0,0.0,-15.0,2364.065625,2755.9218970766924,391.8562720766922,16.575524297329615,4553.815625,6345.930281664748,6.717124999999999,944.7390485758042
fmcg,face_wash,promo_heavy,ML Modular,7.9025,576.25,3.8,-2.7313545939939843,-2.855974850468112,-0.06316928753866469,32.9662935588669,-2.7313545939939843,0.0,0.9074968901044923,0.47597676433393143,1.0312848210963825,0.11469656575782598,0.0,0.0,1.0,0.4093266699082426,1.013905940643014,0.0,1.0,0.0,-26.0,2364.065625,2530.6095694079963,166.54394440799615,7.044810543615773,4553.815625,7226.420475358326,5.84785,1235.7397120921921
fmcg,face_wash,promo_heavy,ML Joint,7.9025,576.25,3.8,,-0.005219447839266422,0.7892631649900728,8.518407788985796,-2.7313545939939843,0.0,0.9074968901044923,0.0,1.0312848210963825,0.0,0.0,0.0,1.0,0.0,1.013905940643014,0.0,1.0,0.0,30.0,2364.065625,4213.797766404023,1849.7321414040225,78.24368840877767,4553.815625,6687.428711035434,10.27325,650.9555117451083
fmcg,face_wash,stable,Math,7.5625,537.25,3.8,-2.3225476418888924,-2.355188851991115,0.6359848560904706,28.272827611661004,-2.3225476418888924,0.9545221250355389,1.0,0.0,1.0140540540540541,0.000571414198252315,0.0,0.0,1.0,0.0,1.0,0.04490646076620881,1.0,0.0,-12.5,2021.403125,2072.880012504035,51.476887504035176,2.546591863215566,4062.953125,4868.911177456788,6.6171875,735.7976749875666
fmcg,face_wash,stable,ML Modular,7.5625,537.25,3.8,-1.981716797516242,-2.065169031072263,-0.02456865252224638,28.00768154627326,-1.981716797516242,0.0,0.9445054957398384,0.47699243839725836,1.0178787857299354,0.10300072154863142,0.0,0.0,1.0,0.41710141486453944,1.0238066595789381,0.002905425189570693,1.0,0.0,-2.5,2021.403125,1910.6204912154808,-110.78263378451925,-5.480481968905596,4062.953125,3942.3778303654803,7.3734375,534.672983986842
fmcg,face_wash,stable,ML Joint,7.5625,537.25,3.8,,0.021471592988042687,0.21515598094437072,14.320649902699731,-1.981716797516242,0.0,0.9445054957398384,0.0,1.0178787857299354,0.0,0.0,0.0,1.0,0.0,1.0238066595789381,0.0,1.0,0.0,30.0,2021.403125,3146.4351486027454,1125.0320236027453,55.655995070391775,4062.953125,5128.852319950382,9.83125,521.6887293020095
fmcg,fiama_body_wash,competitor_war,Math,160.685,1337.75,120.0,-2.282034574785243,-2.314656744571069,0.16622292282031037,13.928851118128188,-2.282034574785243,0.37438564966327564,1.0,0.0,1.0142952127659575,0.32108678003597013,0.0,0.0,1.0,0.13987257754691165,1.0,0.1646549927538426,1.0,0.0,30.0,54426.35875,64787.40123650709,10361.042486507089,19.036809965735745,214956.35875,152248.80766780008,208.8905,728.8450535941083
fmcg,fiama_body_wash,competitor_war,ML Modular,160.685,1337.75,120.0,0.018405395711074135,0.01916294478713321,-1.724468789111255,54.174420484372355,0.018405395711074135,0.0,0.8732060461261093,0.117686187478159,1.018255027629737,0.35566725519101977,0.0,0.0,1.0,0.49640386420417665,1.0224934299234743,0.030242693126644425,1.0,0.0,30.0,54426.35875,104359.14996979157,49932.79121979157,91.74376601078714,214956.35875,245241.4489373414,208.8905,1174.0191580629153
fmcg,fiama_body_wash,competitor_war,ML Joint,160.685,1337.75,120.0,,0.06371733859644735,0.7315779819383023,8.66400035555995,0.018405395711074135,0.0,0.8732060461261093,0.0,1.018255027629737,0.0,0.0,0.0,1.0,0.0,1.0224934299234743,0.0,1.0,0.0,30.0,54426.35875,121860.13648236514,67433.77773236514,123.89911668005007,214956.35875,286368.33902238705,208.8905,1370.9016878335158
fmcg,fiama_body_wash,inflation,Math,267.6325,460.0,153.06,-0.24546927558816378,-0.24139394520529933,0.004299105456198271,16.557667118879678,-0.24546927558816378,0.006435635689307266,1.0,0.0,1.0020356617785653,0.14439766654717087,0.0,0.0,1.0,0.0,1.0,0.30856947638237725,0.9814,0.5405972213811446,30.0,52703.35,84135.6993897293,31432.3493897293,59.64013556961617,123110.95,150222.43578219097,347.92225,431.77013192513834
fmcg,fiama_body_wash,inflation,ML Modular,267.6325,460.0,153.06,0.01634549319939893,0.016192694549315594,-0.7998718805326888,18.632903316940826,0.01634549319939893,0.0,1.0,0.0,1.0012051359586294,0.22965649871790014,0.0,0.0,1.0,0.745760159075609,0.9894595068344267,0.024583342206490867,1.0,0.0,30.0,52703.35,90018.25594361892,37314.90594361892,70.80177245586651,123110.95,160725.61077879256,347.92225,461.95841392377906
fmcg,fiama_body_wash,inflation,ML Joint,267.6325,460.0,153.06,,0.04077362599019807,0.3650157899338826,9.474105209229842,0.01634549319939893,0.0,1.0,0.0,1.0012051359586294,0.0,0.0,0.0,1.0,0.0,0.9894595068344267,0.0,1.0,0.0,30.0,52703.35,84510.63513496381,31807.285134963815,60.35154337430887,123110.95,150891.8752866995,347.92225,433.69423854524825
fmcg,fiama_body_wash,promo_heavy,Math,196.79500000000002,1020.0,120.0,-1.502819614471953,-1.5211865608531965,0.01882930150333173,14.765882838272185,-1.502819614471953,0.12136353551046303,1.0,0.0,1.0122216573462126,0.2764400022932746,0.0,0.0,1.0,0.20285248302176895,1.0,0.39934397917449344,1.0,0.0,30.0,78330.90000000002,104808.02019538687,26477.120195386844,33.80162898088345,200730.90000000002,197399.0409925129,255.83350000000004,771.5918399760503
fmcg,fiama_body_wash,promo_heavy,ML Modular,196.79500000000002,1020.0,120.0,0.017513791940704238,0.01809239351380614,-0.2866913842821819,14.891792807263677,0.017513791940704238,0.0,0.9907009231335293,0.31025932296965614,1.026963392380225,0.16047000966608096,0.0,0.05519588204330597,1.0,0.46461156497851186,1.0059140549217442,0.009463220342445147,1.0,0.0,30.0,78330.90000000002,137914.88404890665,59583.98404890663,76.06702342103385,200730.90000000002,259753.65052307385,255.83350000000004,1015.3230539513934
fmcg,fiama_body_wash,promo_heavy,ML Joint,196.79500000000002,1020.0,120.0,,0.002588677375792159,-60.60648346670937,30.270666814994172,0.017513791940704238,0.0,0.9907009231335293,0.0,1.026963392380225,0.0,0.0,0.0,1.0,0.0,1.0059140549217442,0.0,1.0,0.0,30.0,78330.90000000002,580.3308747342087,-77750.56912526581,-99.25912906051863,200730.90000000002,1093.0151902241653,255.83350000000004,4.272369295749638
fmcg,fiama_body_wash,stable,Math,187.2975,997.25,120.0,-2.9618444723710216,-3.0157655283199136,0.9102446999018807,14.182375640706764,-2.9618444723710216,0.9613382010606626,1.0,0.0,1.0182052286849914,0.015957739907956882,0.0,0.0,1.0,0.0,1.0,0.02270405903138058,1.0,0.0,-4.0,67112.43187500001,67454.62015124723,342.18827624722326,0.5098731586490036,186782.431875,202802.38721904135,179.8056,1127.8980588982843
fmcg,fiama_body_wash,stable,ML Modular,187.2975,997.25,120.0,-2.302380817919225,-2.3842018401258867,0.654683913723495,14.104591973812722,-2.302380817919225,0.35175513071668363,0.9231711974568372,0.35107771577457497,1.0265853816532413,0.08186916718414695,0.0,0.0,1.0,0.21529798632459438,1.0087203555491093,0.0,1.0,0.0,10.5,67112.43187500001,63101.55543438138,-4010.876440618631,-5.976353901299647,186782.431875,150174.47651399532,206.9637375,725.6076756634496
fmcg,fiama_body_wash,stable,ML Joint,187.2975,997.25,120.0,,0.07300345942162778,0.5701192137536566,8.696076593232402,-2.302380817919225,0.35175513071668363,0.9231711974568372,0.0,1.0265853816532413,0.0,0.0,0.0,1.0,0.0,1.0087203555491093,0.0,1.0,0.0,30.0,67112.43187500001,109501.7235611322,42389.29168613219,63.16160881352681,186782.431875,215911.57585164806,243.48675000000003,886.7487690876322
fmcg,ghevar,competitor_war,Math,11.995000000000001,343.5,6.0,-2.0081711290441184,-2.2089882419485303,0.01603386954185404,150.71737542909707,-2.0081711290441184,0.6342605745060371,1.0,0.0,1.1,8.783540262572908e-15,0.0,0.0,1.0,0.0,1.0,0.3657394254939541,1.0,0.0,-8.5,2059.2825000000003,2079.587867329398,20.30536732939754,0.9860408821712192,4120.2825,4587.419299614356,10.975425000000001,417.97190538082623
fmcg,ghevar,competitor_war,ML Modular,11.995000000000001,343.5,6.0,-0.6982297429143358,-0.792336548919762,-0.13874046058900968,171.6874846670783,-0.6982297429143358,0.0,0.9468156329814081,0.29365658770495257,1.1201918814253928,0.0,0.0,0.05950084681291938,1.0,0.6468425654821282,1.0130221092461875,0.0,1.0,0.0,30.0,2059.2825000000003,2534.4735237541204,475.1910237541201,23.075562665837253,4120.2825,4119.59273389898,15.593500000000002,264.1865350241434
fmcg,ghevar,competitor_war,ML Joint,11.995000000000001,343.5,6.0,,-0.013166262986530342,-2.537837075662315,37.52655059431831,-0.6982297429143358,0.0,0.9468156329814081,0.0,1.1201918814253928,0.0,0.0,0.0,1.0,0.0,1.0130221092461875,0.0,1.0,0.0,30.0,2059.2825000000003,3621.0758926102535,1561.7933926102532,75.84162894650215,4120.2825,5885.781720062332,15.593500000000002,377.4509712420131
fmcg,ghevar,inflation,Math,20.11,105.5,7.654999999999999,-7.405707081059758,-8.146277789165733,0.21803868251839953,239.96312249096297,-7.405707081059758,0.6107089475043461,1.0,0.0,1.1,9.328938246634816e-16,0.0,0.0,1.0,0.0,1.0,0.389291052495653,1.0,0.0,-30.0,1314.0025,12382.181252315104,11068.178752315103,842.3255475020103,2121.605,27141.695030962277,14.076999999999998,1928.0880181119755
fmcg,ghevar,inflation,ML Modular,20.11,105.5,7.654999999999999,0.4905003516047607,0.5947614842496719,-4.042192939403325,641.7750532411212,0.4905003516047607,0.0,1.0,0.0,1.1118382461237537,0.0,0.0,0.0,1.0,0.0,1.0905909872061732,1.0,1.0,0.0,30.0,1314.0025,2279.877483589562,965.8749835895619,73.50632769645125,2121.605,3223.8661322740113,26.143,123.31660988693001
fmcg,ghevar,inflation,ML Joint,20.11,105.5,7.654999999999999,,0.07901225993389716,-0.7101911001622259,32.19098336806053,0.4905003516047607,0.0,1.0,0.0,1.1118382461237537,0.0,0.0,0.0,1.0,0.0,1.0905909872061732,0.0,1.0,0.0,30.0,1314.0025,2264.0948878264735,950.0923878264734,72.305219192998,2121.605,3201.548715515334,26.143,122.46294287248342
fmcg,ghevar,promo_heavy,Math,14.8025,151.5,6.0,-1.6168622611431744,-1.800424633650759,0.2337538624114126,89.23511233210975,-1.6168622611431744,0.7783789531858101,1.0,0.0,1.1,0.0,0.0,0.0,1.0,0.0,1.0,0.010890198416093705,1.0123,0.21073084839809622,-9.0,1333.5787500000001,1512.1979995811728,178.61924958117265,13.393978389440642,2242.57875,2726.7701535496726,13.470275,202.42869232808332
fmcg,ghevar,promo_heavy,ML Modular,14.8025,151.5,6.0,-2.0786044681284643,-2.2452427931051995,0.08147866689160921,88.66232316920286,-2.0786044681284643,0.05183832786359744,1.1889086062819754,0.2934374887032379,1.0969758001677443,0.0,0.0,0.09731709597991577,1.0,0.5574070874532489,0.9846783916430065,0.0,1.0,0.0,-27.0,1333.5787500000001,1754.6981543157685,421.1194043157684,31.57814297174189,2242.57875,3945.4123242854635,10.805825,365.1190283282825
fmcg,ghevar,promo_heavy,ML Joint,14.8025,151.5,6.0,,-0.004361797471652551,-0.7510688749989229,34.707701023836265,-2.0786044681284643,0.05183832786359744,1.1889086062819754,0.0,1.0969758001677443,0.0,0.0,0.0,1.0,0.0,0.9846783916430065,0.0,1.0,0.0,30.0,1333.5787500000001,1737.8543114021145,404.27556140211436,30.315087234414488,2242.57875,2525.2083119996028,19.24325,131.22566676624805
fmcg,ghevar,stable,Math,14.165,271.5,6.0,-0.6025293437926631,-0.6627822781719295,0.031436879534432194,163.83108263124225,-0.6025293437926631,0.9877036907168456,1.0,0.0,1.1,0.0,0.0,0.0,1.0,0.0,1.0,0.012296309283154427,1.0,0.0,30.0,2216.7974999999997,2832.5620489827884,615.7645489827887,27.77721235172761,3845.7974999999997,4201.555749405417,18.4145,228.16561673710487
fmcg,ghevar,stable,ML Modular,14.165,271.5,6.0,-0.5379870345145754,-0.614001243298643,-0.20086669181721906,163.154981452763,-0.5379870345145754,0.0,0.9350409036591032,0.2371268495319271,1.1230212754574802,0.0,0.0,0.05849847724977078,1.0,0.704374673218302,1.016270823125531,0.0,1.0,0.0,30.0,2216.7974999999997,2682.67657105786,465.87907105786053,21.015860540164837,3845.7974999999997,3979.229748902088,18.4145,216.09219630737124
fmcg,ghevar,stable,ML Joint,14.165,271.5,6.0,,0.016345278460505597,-2.102743016081586,31.605138072800848,-0.5379870345145754,0.0,0.9350409036591032,0.0,1.1230212754574802,0.0,0.0,0.0,1.0,0.0,1.016270823125531,0.0,1.0,0.0,30.0,2216.7974999999997,3579.5992735254517,1362.801773525452,61.476150777211366,3845.7974999999997,5309.640406164923,18.4145,288.34018877324513
fmcg,rice,competitor_war,Math,2.4050000000000002,2270.0,1.5,-0.8934677843250425,-0.911096745091994,0.11270449532511717,6.075073815337584,-0.8934677843250425,0.4752379548798496,1.0,0.0,1.0197309417040359,0.1235543890185141,0.0,0.0,1.0,0.0,1.0,0.40120765610163633,1.0,0.0,30.0,2054.3500000000004,2907.1437531433317,852.7937531433313,41.51160966453288,5459.35,5588.18625527367,3.1265000000000005,1787.3616680868925
fmcg,rice,competitor_war,ML Modular,2.4050000000000002,2270.0,1.5,0.10777951020113363,0.11049253060105153,-1.7856202116808793,12.332201550413512,0.10777951020113363,0.0,0.963843617703246,0.14960788944031014,1.0219944821911109,0.22452681988297213,0.0,0.0,1.0,0.6258652906767179,1.003109084711903,0.0,1.0,0.0,30.0,2054.3500000000004,3663.3329317106477,1608.9829317106473,78.32077940519615,5459.35,7041.752481397687,3.1265000000000005,2252.2796997913597
fmcg,rice,competitor_war,ML Joint,2.4050000000000002,2270.0,1.5,,0.02581191669293048,0.5186516057267758,4.876231160147282,0.10777951020113363,0.0,0.963843617703246,0.0,1.0219944821911109,0.0,0.0,0.0,1.0,0.0,1.003109084711903,0.0,1.0,0.0,30.0,2054.3500000000004,3687.228575184709,1632.8785751847086,79.48395235401506,5459.35,7087.685299916994,3.1265000000000005,2266.9711498215233
fmcg,rice,inflation,Math,4.0075,1752.75,1.9124999999999999,-0.6521383322286454,-0.6416125907260075,0.06801316055240658,5.856351670713942,-0.6521383322286454,0.18179893301756883,1.0,0.0,1.0025062656641603,0.0006237747770733193,0.0,0.0,1.0,0.0,1.0,0.4353884893576411,0.9814,0.3821888028477168,30.0,3672.011250000001,4883.873013457624,1211.8617634576235,33.00267022486991,7024.145625,7716.660074868711,5.2097500000000005,1481.195849103836
fmcg,rice,inflation,ML Modular,4.0075,1752.75,1.9124999999999999,0.2135388523405446,0.21486389598946407,-1.6137803408890936,8.05046395469706,0.2135388523405446,0.0,1.0,0.0,1.002397873844086,0.25153191067033037,0.0,0.0,1.0,0.720045380864384,1.003798182825755,0.02842270846528562,1.0,0.0,30.0,3672.011250000001,6114.404487446359,2442.393237446358,66.51377327469673,7024.145625,9660.935257706775,5.2097500000000005,1854.3951739923746
fmcg,rice,inflation,ML Joint,4.0075,1752.75,1.9124999999999999,,0.02974178773840208,-0.5709220691759278,8.458722792426746,0.2135388523405446,0.0,1.0,0.0,1.002397873844086,0.0,0.0,0.0,1.0,0.0,1.003798182825755,0.0,1.0,0.0,30.0,3672.011250000001,5875.410152770267,2203.398902770266,60.00523290254803,7024.145625,9283.317323040379,5.2097500000000005,1781.9122458928698
fmcg,rice,promo_heavy,Math,2.9475,2160.0,1.5,-1.1496046514597236,-1.161990964202724,0.9011516076345106,4.821619331706346,-1.1496046514597236,0.9397313628449571,1.0,0.0,1.0107744107744108,0.04195631948784619,0.0,0.0,1.0,0.0,1.0,0.018312317667196792,1.0,0.0,30.0,3126.5999999999995,4186.500441308775,1059.900441308776,33.899457599589844,6366.599999999999,6879.649647683027,3.83175,1795.4328042495015
fmcg,rice,promo_heavy,ML Modular,2.9475,2160.0,1.5,-1.0898340451950261,-1.105812931559209,0.7849332647708711,4.807785904958988,-1.0898340451950261,0.3639897008050568,0.9817557632079059,0.13626003937317915,1.012103414148646,0.07719242892628725,0.0,0.010178810604971411,1.0,0.41237902029050544,1.0025277524748903,0.0,1.0,0.0,30.0,3126.5999999999995,3699.4670498495307,572.8670498495312,18.322364544538196,6366.599999999999,6079.3107615571735,3.83175,1586.5624744717618
fmcg,rice,promo_heavy,ML Joint,2.9475,2160.0,1.5,,0.047854015104320524,0.6812536343940467,4.0906952173829705,-1.0898340451950261,0.3639897008050568,0.9817557632079059,0.0,1.012103414148646,0.0,0.0,0.0,1.0,0.0,1.0025277524748903,0.0,1.0,0.0,30.0,3126.5999999999995,5253.960604002713,2127.3606040027134,68.04070248841278,6366.599999999999,8633.800169137941,3.83175,2253.2263767568193
fmcg,rice,stable,Math,2.8474999999999997,2139.25,1.5,-0.5887936731943895,-0.5992611162734007,0.608509529537651,4.886926638858104,-0.5887936731943895,0.8808955531878296,1.0,0.0,1.0177777777777777,0.058764734382344225,0.0,0.0,1.0,0.0,1.0,0.060339712429826144,1.0,0.0,30.0,2882.6393749999993,4024.8317027880234,1142.1923277880242,39.62314321013618,6091.514375,6766.853982421059,3.7017499999999997,1828.0148530886904
fmcg,rice,stable,ML Modular,2.8474999999999997,2139.25,1.5,-0.56558730150158,-0.5755857898464046,0.15136765749816417,4.91690097475799,-0.56558730150158,0.17328053648739775,0.9926823430240783,0.16262077114766382,1.0161967721614948,0.27291068596154344,0.0,0.0,1.0,0.34690175136501855,1.0014576818002157,0.044286255038376396,1.0,0.0,30.0,2882.6393749999993,4020.2741397123086,1137.6347647123093,39.465039386423754,6091.514375,6759.191459829699,3.7017499999999997,1825.9448800782602
fmcg,rice,stable,ML Joint,2.8474999999999997,2139.25,1.5,,0.02474765213911212,-0.5741015876134352,9.920855935675153,-0.56558730150158,0.17328053648739775,0.9926823430240783,0.0,1.0161967721614948,0.0,0.0,0.0,1.0,0.0,1.0014576818002157,0.0,1.0,0.0,30.0,2882.6393749999993,4722.363030620347,1839.7236556203475,63.820805043306805,6091.514375,7939.596842783636,3.7017499999999997,2144.8225414421927
fmcg,shampoo,competitor_war,Math,4.8125,782.75,2.8,-0.5347579299952336,-0.5451319868357878,0.008280368768591617,24.591961680632615,-0.5347579299952336,0.0246100030361401,1.0,0.0,1.0193995381062355,0.3800655871791856,0.0,0.0,1.0,0.0,1.0,0.5953244097846743,1.0,0.0,30.0,1575.2843750000002,2344.84456178689,769.56018678689,48.852143714489,3766.984375,4244.465472601586,6.2562500000000005,678.436039576677
fmcg,shampoo,competitor_war,ML Modular,4.8125,782.75,2.8,0.23442351114955073,0.24680039532008002,-1.5287717952918194,36.11762550489529,0.23442351114955073,0.0,0.8822557482085503,0.27411969193037483,1.031353974184975,0.21413756059686692,0.0,0.0,1.0,0.44591918342951686,1.02079124867457,0.06582356404324136,1.0,0.0,30.0,1575.2843750000002,2546.5017909726857,971.2174159726856,61.65346596373658,3766.984375,4609.490583659418,6.2562500000000005,736.781711673833
fmcg,shampoo,competitor_war,ML Joint,4.8125,782.75,2.8,,0.047589092608824046,0.6920627918041835,7.5568408779808225,0.23442351114955073,0.0,0.8822557482085503,0.0,1.031353974184975,0.0,0.0,0.0,1.0,0.0,1.02079124867457,0.0,1.0,0.0,30.0,1575.2843750000002,2631.426696763861,1056.1423217638608,67.04455008409899,3766.984375,4763.21541312952,6.2562500000000005,761.3531129877354
fmcg,shampoo,inflation,Math,8.065,500.25,3.57,1.7349772993947834,1.7061421954653866,0.11716298126696711,21.93381862235573,1.7349772993947834,0.1684698648747925,1.0,0.0,1.0020176544766708,0.0445434268806293,0.0,0.0,1.0,0.0,1.0,0.28287637002681787,0.9814,0.5041103382177603,30.0,2248.6237499999997,5411.92088950986,3163.2971395098602,140.67703142910685,4034.5162499999997,8206.129809251013,10.4845,782.6915741571856
fmcg,shampoo,inflation,ML Modular,8.065,500.25,3.57,1.073226201419341,1.0504980001529511,-1.7145686906281576,21.243165810920026,1.073226201419341,0.0,1.1220220158320269,0.16502166243359961,0.9888104616823529,0.12606235890697293,0.0,0.0,1.0,0.6929328559139717,0.989899056861034,0.01598312274545571,1.0,0.0,30.0,2248.6237499999997,5112.6553867360735,2864.031636736074,127.36820184951236,4034.5162499999997,7752.351638185605,10.4845,739.4107146917454
fmcg,shampoo,inflation,ML Joint,8.065,500.25,3.57,,0.0293413987533242,0.61220411891637,7.21855889622586,1.073226201419341,0.0,1.1220220158320269,0.0,0.9888104616823529,0.0,0.0,0.0,1.0,0.0,0.989899056861034,0.0,1.0,0.0,30.0,2248.6237499999997,3399.037167694994,1150.4134176949942,51.16077857378294,4034.5162499999997,5153.9815148887365,10.4845,491.58104963410136
fmcg,shampoo,promo_heavy,Math,5.9174999999999995,714.25,2.8,-1.6940898479272768,-1.7234501572501066,0.6954923510590678,21.51061221835651,-1.6940898479272768,0.8535472647998626,1.0,0.0,1.0173310225303294,0.007287931058887044,0.0,0.0,1.0,0.0,1.0,0.13916480414125032,1.0,0.0,12.5,2226.6743749999996,2535.5882316187594,308.91385661875984,13.873328767200633,4226.574374999999,4376.21616285947,6.657187499999999,657.3671183002538
fmcg,shampoo,promo_heavy,ML Modular,5.9174999999999995,714.25,2.8,-1.0916596881953566,-1.1280122506213701,0.18656580558178049,21.03124591327737,-1.0916596881953566,0.09595437315554109,0.8851638260137016,0.4583444749040045,1.0244586147161587,0.027503992863787907,0.0,0.0,1.0,0.4181971590766665,1.0086305637072144,0.0,1.0,0.0,30.0,2226.6743749999996,2300.898360788348,74.22398578834827,3.33340099574947,4226.574374999999,3617.6456726696774,7.692749999999999,470.2668971004748
fmcg,shampoo,promo_heavy,ML Joint,5.9174999999999995,714.25,2.8,,0.017356586844208266,0.8042584828571144,6.185575355951173,-1.0916596881953566,0.09595437315554109,0.8851638260137016,0.0,1.0244586147161587,0.0,0.0,0.0,1.0,0.0,1.0086305637072144,0.0,1.0,0.0,30.0,2226.6743749999996,3431.9076788052894,1205.2333038052898,54.12705680440095,4226.574374999999,5395.903693450388,7.692749999999999,701.4271480875356
fmcg,shampoo,stable,Math,5.6325,679.5,2.8,-2.067272850115016,-2.1068341691978927,0.7471206343748866,20.26090899847625,-2.067272850115016,0.9464402144654022,1.0,0.0,1.0191369606003753,0.01103859425214208,0.0,0.0,1.0,0.0,1.0,0.04252119128245581,1.0,0.0,-5.5,1924.6837500000004,1931.1603031402924,6.476553140292026,0.336499601053525,3827.28375,4074.586812817007,5.3227125,765.5094677416838
fmcg,shampoo,stable,ML Modular,5.6325,679.5,2.8,-2.0810568385911665,-2.147516588972729,-0.09548856753518065,20.151093454600066,-2.0810568385911665,0.0,0.9794645682580556,0.4893801021626168,1.0205659540564709,0.15238138158032322,0.0,0.0,1.0,0.35823851625705994,1.0111405075236068,0.0,1.0,0.0,-7.0,1924.6837500000004,1896.4236469564157,-28.26010304358465,-1.468298521436815,3827.28375,4074.2317702747987,5.238225,777.788615470851
fmcg,shampoo,stable,ML Joint,5.6325,679.5,2.8,,0.0035639061843895092,-0.22105708990478812,12.666221959562924,-2.0810568385911665,0.0,0.9794645682580556,0.0,1.0205659540564709,0.0,0.0,0.0,1.0,0.0,1.0111405075236068,0.0,1.0,0.0,30.0,1924.6837500000004,2797.8789583026337,873.1952083026333,45.368243395967426,3827.28375,4530.215977098006,7.32225,618.6917924269187
