date,cci_current,cci_baseline,google_trends_score
2023-07-01,100.0,100.0,50.2
2023-07-08,99.9,100.0,57.5
2023-07-15,99.8,100.0,43.7
2023-07-22,99.6,100.0,44.1
2023-07-29,99.5,100.0,38.9
2023-08-05,99.4,100.0,38.3
2023-08-12,99.3,100.0,38.5
2023-08-19,99.2,100.0,44.0
2023-08-26,99.0,100.0,34.9
2023-09-02,98.9,100.0,42.0
2023-09-09,98.8,100.0,31.5
2023-09-16,98.7,100.0,41.8
2023-09-23,98.6,100.0,42.3
2023-09-30,98.4,100.0,33.3
2023-10-07,98.3,100.0,34.2
2023-10-14,98.2,100.0,37.8
2023-10-21,98.1,100.0,43.5
2023-10-28,98.0,100.0,45.4
2023-11-04,97.8,100.0,37.8
2023-11-11,97.7,100.0,33.3
2023-11-18,97.6,100.0,35.8
2023-11-25,97.5,100.0,44.5
2023-12-02,97.4,100.0,44.8
2023-12-09,97.2,100.0,49.4
2023-12-16,97.1,100.0,49.9
2023-12-23,97.0,100.0,48.0
2023-12-30,96.9,100.0,49.4
2024-01-06,96.8,100.0,55.0
2024-01-13,96.6,100.0,55.5
2024-01-20,96.5,100.0,53.6
2024-01-27,96.4,100.0,52.0
2024-02-03,96.3,100.0,53.1
2024-02-10,96.2,100.0,46.6
2024-02-17,96.0,100.0,60.0
2024-02-24,95.9,100.0,52.3
2024-03-02,95.8,100.0,52.5
2024-03-09,95.7,100.0,65.1
2024-03-16,95.6,100.0,64.9
2024-03-23,95.4,100.0,66.1
2024-03-30,95.3,100.0,61.8
2024-04-06,95.2,100.0,71.3
2024-04-13,95.1,100.0,60.8
2024-04-20,95.0,100.0,68.1
2024-04-27,94.8,100.0,53.7
2024-05-04,94.7,100.0,63.1
2024-05-11,94.6,100.0,53.9
2024-05-18,94.5,100.0,58.6
2024-05-25,94.4,100.0,50.5
2024-06-01,94.2,100.0,61.3
2024-06-08,94.1,100.0,54.4
2024-06-15,94.0,100.0,58.6
2024-06-22,93.9,100.0,51.9
2024-06-29,93.8,100.0,52.4
2024-07-06,93.6,100.0,51.1
2024-07-13,93.5,100.0,50.6
2024-07-20,93.4,100.0,44.6
2024-07-27,93.3,100.0,39.4
2024-08-03,93.2,100.0,46.5
2024-08-10,93.0,100.0,37.0
2024-08-17,92.9,100.0,43.1
2024-08-24,92.8,100.0,41.6
2024-08-31,92.7,100.0,44.9
2024-09-07,92.6,100.0,44.2
2024-09-14,92.4,100.0,35.6
2024-09-21,92.3,100.0,27.5
2024-09-28,92.2,100.0,39.0
2024-10-05,92.1,100.0,42.4
2024-10-12,92.0,100.0,36.3
2024-10-19,91.8,100.0,34.9
2024-10-26,91.7,100.0,39.2
2024-11-02,91.6,100.0,43.0
2024-11-09,91.5,100.0,47.2
2024-11-16,91.4,100.0,44.0
2024-11-23,91.2,100.0,49.7
2024-11-30,91.1,100.0,49.6
2024-12-07,91.0,100.0,36.8
2024-12-14,90.9,100.0,39.1
2024-12-21,90.8,100.0,45.1
2024-12-28,90.6,100.0,47.3
2025-01-04,90.5,100.0,49.9
2025-01-11,90.4,100.0,59.5
2025-01-18,90.3,100.0,49.6
2025-01-25,90.2,100.0,51.2
2025-02-01,90.0,100.0,65.7
2025-02-08,89.9,100.0,62.9
2025-02-15,89.8,100.0,61.0
2025-02-22,89.7,100.0,70.1
2025-03-01,89.6,100.0,59.1
2025-03-08,89.4,100.0,60.6
2025-03-15,89.3,100.0,60.5
2025-03-22,89.2,100.0,69.7
2025-03-29,89.1,100.0,65.8
2025-04-05,89.0,100.0,67.9
2025-04-12,88.8,100.0,61.7
2025-04-19,88.7,100.0,57.6
2025-04-26,88.6,100.0,68.1
2025-05-03,88.5,100.0,56.4
2025-05-10,88.4,100.0,51.6
2025-05-17,88.2,100.0,58.4
2025-05-24,88.1,100.0,56.6
2025-05-31,88.0,100.0,66.3
2025-06-07,87.9,100.0,54.4
2025-06-14,87.8,100.0,49.9
2025-06-21,87.6,100.0,56.8
2025-06-28,87.5,100.0,54.3
2025-07-05,87.4,100.0,50.3
2025-07-12,87.3,100.0,56.9
2025-07-19,87.2,100.0,41.6
2025-07-26,87.0,100.0,41.9
2025-08-02,86.9,100.0,34.8
2025-08-09,86.8,100.0,100.0
2025-08-16,86.7,100.0,37.2
2025-08-23,86.6,100.0,45.8
2025-08-30,86.4,100.0,42.7
2025-09-06,86.3,100.0,29.5
2025-09-13,86.2,100.0,47.1
2025-09-20,86.1,100.0,35.9
2025-09-27,86.0,100.0,39.8
2025-10-04,85.8,100.0,35.9
2025-10-11,85.7,100.0,42.6
2025-10-18,85.6,100.0,44.8
2025-10-25,85.5,100.0,30.4
2025-11-01,85.4,100.0,51.7
2025-11-08,85.2,100.0,45.9
2025-11-15,85.1,100.0,36.3
2025-11-22,85.0,100.0,43.3
2025-11-29,84.9,100.0,39.6
2025-12-06,84.8,100.0,51.9
2025-12-13,84.6,100.0,37.0
2025-12-20,84.5,100.0,51.7
2025-12-27,84.4,100.0,50.5
2026-01-03,84.3,100.0,52.2
2026-01-10,84.2,100.0,52.6
2026-01-17,84.0,100.0,54.2
2026-01-24,83.9,100.0,54.5
2026-01-31,83.8,100.0,45.0
2026-02-07,83.7,100.0,64.4
2026-02-14,83.6,100.0,48.5
2026-02-21,83.4,100.0,65.3
2026-02-28,83.3,100.0,61.7
2026-03-07,83.2,100.0,60.7
2026-03-14,83.1,100.0,58.2
2026-03-21,83.0,100.0,67.2
2026-03-28,82.8,100.0,64.3
2026-04-04,82.7,100.0,64.8
2026-04-11,82.6,100.0,61.6
2026-04-18,82.5,100.0,71.4
2026-04-25,82.4,100.0,65.3
2026-05-02,82.2,100.0,54.9
2026-05-09,82.1,100.0,61.4
2026-05-16,82.0,100.0,63.6
2026-05-23,81.9,100.0,47.1
2026-05-30,81.8,100.0,55.8
2026-06-06,81.6,100.0,52.3
2026-06-13,81.5,100.0,54.3
2026-06-20,81.4,100.0,54.0
